{
  "median_ms": 1.057021000000077,
  "trials": [
    1.1480624999999236,
    1.057021000000077,
    1.0475415000000794
  ],
  "suite_size": 520,
  "captured_at": "2026-04-19",
  "engine_sha": null
}
