{
  "median_ms": 0.6140415000000985,
  "trials": [
    0.6331665000000157,
    0.6140415000000985,
    0.5791459999998096
  ],
  "suite_size": 520,
  "captured_at": "2026-04-22",
  "engine_sha": null
}
