{
  "median_ms": 1.0539999999999736,
  "trials": [
    1.0539999999999736,
    1.0574794999999995,
    1.0092290000000048
  ],
  "suite_size": 500,
  "captured_at": "2026-04-19",
  "engine_sha": null
}
